www.cancer.gov/,507199
www.cancer.gov/types/cervical/screening/abnormal-hpv-pap-test-results,196150
www.cancer.gov/types/prostate/psa-fact-sheet,185066
www.cancer.gov/about-cancer/understanding/what-is-cancer,179622
www.cancer.gov/research/participate/clinical-trials-search/v,174590
www.cancer.gov/espanol/cancer/causas-prevencion/riesgo/germenes-infecciosos/vph-y-cancer,164048
www.cancer.gov/search/results,154665
www.cancer.gov/espanol/publicaciones/diccionarios/diccionario-cancer/def/celula,142786
www.cancer.gov/ccg/research/genome-sequencing/tcga,134981
www.cancer.gov/types,124370
www.cancer.gov/about-cancer/coronavirus/covid-19-vaccines-people-with-cancer,119898
www.cancer.gov/espanol/buscar/resultados,118921
www.cancer.gov/about-cancer/treatment/research/car-t-cells,117964
www.cancer.gov/about-cancer/causes-prevention/risk/tobacco/withdrawal-fact-sheet,112132
www.cancer.gov/espanol/cancer/naturaleza/que-es,111405
www.cancer.gov/espanol/publicaciones/diccionarios/diccionario-cancer/def/aparato-reproductor,104679
www.cancer.gov/about-cancer/causes-prevention/genetics/brca-fact-sheet,101491
www.cancer.gov/espanol/publicaciones/diccionarios/diccionario-cancer/def/aparato-digestivo,100423
www.cancer.gov/espanol/cancer/cancer-avanzado/cuidadores/planificacion/etapa-final-pdq,93848
www.cancer.gov/espanol/tipos/prostata/hoja-informativa-psa,92375
www.cancer.gov/espanol/publicaciones/diccionarios/diccionario-cancer/def/sistema-endocrino,90628
www.cancer.gov/about-cancer/advanced-cancer/caregivers/planning/last-days-pdq,89468
www.cancer.gov/about-cancer/causes-prevention/risk/infectious-agents/hpv-and-cancer,78670
www.cancer.gov/espanol/tipos/cuello-uterino/sintomas,77159
www.cancer.gov/espanol/tipos/cuello-uterino,71621
www.cancer.gov/espanol,69198
www.cancer.gov/types/metastatic-cancer,68822
www.cancer.gov/espanol/tipos/prostata/significado-cambios-en-la-prostata,67575
www.cancer.gov/espanol/tipos/cuello-uterino/deteccion/resultados-anormales-pruebas-vph-pap,65767
www.cancer.gov/types/skin/melanoma-photos,65014
www.cancer.gov/about-cancer/causes-prevention/risk/radiation/cell-phones-fact-sheet,63488
www.cancer.gov/about-cancer/diagnosis-staging/staging,63169
www.cancer.gov/espanol/publicaciones/diccionarios/diccionario-cancer/def/lesion-escamosa-intraepitel,63045
www.cancer.gov/about-cancer/treatment/types/immunotherapy,62580
www.cancer.gov/types/cervical,61752
www.cancer.gov/espanol/publicaciones/diccionarios/diccionario-cancer/def/fotosintesis,61327
www.cancer.gov/types/cervical/symptoms,60499
www.cancer.gov/espanol/publicaciones/diccionarios/diccionario-cancer/def/aparato-respiratorio,59593
www.cancer.gov/about-cancer/treatment/types/radiation-therapy,58209
www.cancer.gov/news-events/cancer-currents-blog/2023/colorectal-cancer-young-people-warning-signs,57254
www.cancer.gov/about-cancer/treatment/types/radiation-therapy/side-effects,56986
www.cancer.gov/about-cancer/treatment/types,54709
www.cancer.gov/espanol/publicaciones/diccionarios/diccionario-genetica/def/adn,48758
www.cancer.gov/types/skin/moles-fact-sheet,47706
www.cancer.gov/espanol/tipos/pancreas/paciente/tratamiento-pancreas-pdq,45458
www.cancer.gov/about-cancer/diagnosis-staging/diagnosis,44728
www.cancer.gov/types/leukemia/patient/adult-aml-treatment-pdq,42450
www.cancer.gov/espanol/publicaciones/diccionarios/diccionario-cancer/def/sistema-circulatorio,41697
www.cancer.gov/espanol/publicaciones/diccionarios/diccionario-cancer/def/columna-vertebral,40590
www.cancer.gov/espanol/publicaciones/diccionarios/diccionario-cancer/def/sistema-linfatico,40351
www.cancer.gov/publications/dictionaries/cancer-terms/def/colon,40173
www.cancer.gov/espanol/publicaciones/diccionarios/diccionario-cancer/def/diclofenaco-sodico,39793
www.cancer.gov/espanol/tipos/estomago/sintomas,39674
www.cancer.gov/espanol/cancer/tratamiento/tipos/radioterapia,39647
www.cancer.gov/espanol/publicaciones/diccionarios/diccionario-cancer/def/sistema-urinario,39640
www.cancer.gov/types/prostate/prostate-hormone-therapy-fact-sheet,38906
www.cancer.gov/types/head-and-neck/head-neck-fact-sheet,38710
www.cancer.gov/about-cancer/understanding/statistics,37708
www.cancer.gov/about-cancer/causes-prevention/risk/alcohol/alcohol-fact-sheet,37345
www.cancer.gov/about-cancer/treatment/types/immunotherapy/checkpoint-inhibitors,37262
www.cancer.gov/types/cervical/screening,37025
www.cancer.gov/about-cancer/treatment/cam,36972
www.cancer.gov/types/breast/breast-changes/dense-breasts,36693
www.cancer.gov/espanol/publicaciones/diccionarios/diccionario-cancer/def/intestino-delgado,35934
www.cancer.gov/types/pancreatic/patient/pancreatic-treatment-pdq,35747
www.cancer.gov/espanol/publicaciones/diccionarios/diccionario-cancer/def/leucocito,35708
www.cancer.gov/types/leukemia/patient/cll-treatment-pdq,35696
www.cancer.gov/types/lymphoma,35073
www.cancer.gov/espanol/tipos/cancer-metastatico,35061
www.cancer.gov/types/esophageal/patient/esophageal-treatment-pdq,33703
www.cancer.gov/research/infrastructure/cancer-centers/find,33678
www.cancer.gov/espanol/publicaciones/diccionarios/diccionario-cancer/def/atorvastatina-calcica,33446
www.cancer.gov/types/prostate/patient/prostate-treatment-pdq,33129
www.cancer.gov/espanol/publicaciones/diccionarios/diccionario-cancer/def/homeostasis,32739
www.cancer.gov/types/lymphoma/patient/adult-nhl-treatment-pdq,32503
www.cancer.gov/about-cancer/treatment/types/targeted-therapies,32019
www.cancer.gov/about-cancer/treatment/types/immunotherapy/side-effects,31826
www.cancer.gov/espanol/cancer/tratamiento/mca/paciente/cardo-mariano-pdq,31715
www.cancer.gov/espanol/publicaciones/diccionarios/diccionario-cancer/def/sistema-digestivo,31659
www.cancer.gov/ccg/access-data,31533
www.cancer.gov/types/lung/patient/non-small-cell-lung-treatment-pdq,31512
www.cancer.gov/about-cancer/treatment/drugs,31463
www.cancer.gov/types/leukemia,31363
www.cancer.gov/espanol/publicaciones/diccionarios/diccionario-cancer/def/ph,31178
www.cancer.gov/espanol/tipos/prostata/paciente/tratamiento-prostata-pdq,31155
www.cancer.gov/espanol/publicaciones/diccionarios/diccionario-cancer/def/tejido-oseo,30982
www.cancer.gov/types/bladder/survival,30942
www.cancer.gov/espanol/cancer/cancer-avanzado/opciones-de-cuidado/hoja-informativa-cuidados-paliativ,30776
www.cancer.gov/about-cancer/causes-prevention/risk/radiation/electromagnetic-fields-fact-sheet,30702
www.cancer.gov/espanol/tipos/colorrectal/paciente/tratamiento-colorrectal-pdq,30197
www.cancer.gov/espanol/publicaciones/diccionarios/diccionario-cancer/def/aparato-urinario,30178
www.cancer.gov/espanol/cancer/causas-prevencion/riesgo/germenes-infecciosos/hoja-informativa-h-pylor,30143
www.cancer.gov/espanol/publicaciones/diccionarios/diccionario-cancer/def/celulas-escamosas-atipicas-,30061
www.cancer.gov/types/breast/breast-hormone-therapy-fact-sheet,30003
www.cancer.gov/espanol/publicaciones/diccionarios/diccionario-cancer/def/cateter-central-de-acceso-v,29984
www.cancer.gov/espanol/publicaciones/diccionarios/diccionario-cancer/def/presion-arterial,29961
www.cancer.gov/espanol/tipos/piel/hoja-informativa-lunares,29952
www.cancer.gov/espanol/publicaciones/diccionarios/diccionario-cancer/def/encefalo,29943
www.cancer.gov/types/breast/breast-changes,29920
www.cancer.gov/types/bladder,29752
www.cancer.gov/types/liver/bile-duct-cancer,29399
www.cancer.gov/types/myeloproliferative/patient/myelodysplastic-treatment-pdq,29378
www.cancer.gov/types/breast,29355
www.cancer.gov/about-cancer/treatment/types/chemotherapy,29314
www.cancer.gov/espanol/cancer/diagnostico-estadificacion/diagnostico/lista-marcadores-tumorales,29310
www.cancer.gov/publications/patient-education/sibling-has-cancer,29243
www.cancer.gov/espanol/publicaciones/diccionarios/diccionario-cancer/def/rinon,29094
www.cancer.gov/espanol/publicaciones/diccionarios/diccionario-cancer/def/medula-osea,29029
www.cancer.gov/research/participate/clinical-trials-search,28746
www.cancer.gov/about-cancer/causes-prevention/genetics,28505
www.cancer.gov/espanol/publicaciones/diccionarios/diccionario-cancer/def/prednisona,28313
www.cancer.gov/rare-brain-spine-tumor/tumors/meningioma,28100
www.cancer.gov/news-events/cancer-currents-blog/2024/fda-amtagvi-til-therapy-melanoma,27866
www.cancer.gov/about-cancer/screening/screening-tests,27832
www.cancer.gov/espanol/publicaciones/diccionarios/diccionario-cancer/def/colon,27517
www.cancer.gov/news-events/cancer-currents-blog/2021/hpv-vaccine-parents-safety-concerns,27514
www.cancer.gov/types/colorectal/screening-fact-sheet,27403
www.cancer.gov/publications/dictionaries/cancer-terms/def/reproductive-system,27368
www.cancer.gov/espanol/publicaciones/diccionarios/diccionario-cancer/def/eritrocito,27298
www.cancer.gov/espanol/publicaciones/diccionarios/diccionario-cancer/def/metoclopramida,27169
www.cancer.gov/espanol/publicaciones/diccionarios/diccionario-cancer/def/nucleo,27131
www.cancer.gov/about-cancer/diagnosis-staging/diagnosis/tumor-markers-list,27041
www.cancer.gov/espanol/publicaciones/diccionarios/diccionario-cancer/def/globulo-blanco,26854
www.cancer.gov/types/prostate/understanding-prostate-changes,26610
www.cancer.gov/espanol/tipos/vejiga/sintomas,26599
www.cancer.gov/espanol/publicaciones/diccionarios/diccionario-cancer/def/atomo,26568
www.cancer.gov/about-cancer/treatment/types/stem-cell-transplant,26519
www.cancer.gov/espanol/tipos/leucemia/paciente/tratamiento-lla-adultos-pdq,26380
www.cancer.gov/espanol/publicaciones/diccionarios/diccionario-cancer/def/plaqueta,26277
www.cancer.gov/types/thyroid/patient/thyroid-treatment-pdq,26184
www.cancer.gov/espanol/tipos/seno/significado-cambios-en-los-senos,25960
www.cancer.gov/espanol/cancer/tratamiento/mca,25929
www.cancer.gov/espanol/tipos/linfoma/paciente/tratamiento-lnh-adultos-pdq,25867
www.cancer.gov/espanol/cancer/causas-prevencion/riesgo/tabaco/hoja-informativa-abstinencia,25731
www.cancer.gov/espanol/cancer/diagnostico-estadificacion/estadificacion,25714
www.cancer.gov/about-cancer/causes-prevention/risk/substances/asbestos/asbestos-fact-sheet,25577
www.cancer.gov/about-cancer/advanced-cancer/care-choices/care-fact-sheet,25501
www.cancer.gov/espanol/cancer/diagnostico-estadificacion/diagnostico,25447
www.cancer.gov/espanol/publicaciones/diccionarios/diccionario-cancer/def/linfocito,25383
www.cancer.gov/espanol/publicaciones/diccionarios/diccionario-cancer/def/pancreas,25324
www.cancer.gov/espanol/cancer/tratamiento/mca/paciente/vitamina-c-pdq,25238
www.cancer.gov/espanol/publicaciones/diccionarios/diccionario-cancer/def/ganglio-linfatico,25234
www.cancer.gov/news-events/cancer-currents-blog/2020/colorectal-cancer-rising-younger-adults,25202
www.cancer.gov/espanol/cancer/diagnostico-estadificacion/sintomas,25173
www.cancer.gov/about-cancer/diagnosis-staging/staging/sentinel-node-biopsy-fact-sheet,25121
www.cancer.gov/espanol/tipos/higado/que-es-cancer-de-higado,25017
www.cancer.gov/about-cancer/causes-prevention/risk/diet/artificial-sweeteners-fact-sheet,24997
www.cancer.gov/news-events/cancer-currents-blog/2018/endometrial-cancer-bleeding-common-symptom,24773
www.cancer.gov/publications/dictionaries/cancer-terms/def/low-grade-squamous-intraepithelial-lesion,24723
www.cancer.gov/types/cervical/stages,24585
www.cancer.gov/espanol/publicaciones/diccionarios/diccionario-cancer/def/reticulo-endoplasmatico,24416
www.cancer.gov/espanol/publicaciones/diccionarios,24396
www.cancer.gov/types/skin/patient/melanoma-treatment-pdq,24302
www.cancer.gov/espanol/tipos/leucemia/paciente/tratamiento-lma-adultos-pdq,24135
www.cancer.gov/types/skin,24105
www.cancer.gov/publications/dictionaries/cancer-terms/,24023
www.cancer.gov/types/uterine/patient/endometrial-treatment-pdq,23961
www.cancer.gov/publications/dictionaries/cancer-terms/def/atypical-squamous-cells-of-undetermined-si,23903
www.cancer.gov/espanol/tipos/tiroides/paciente/tratamiento-tiroides-pdq,23781
www.cancer.gov/espanol/tipos/cuello-uterino/deteccion,23649
www.cancer.gov/espanol/publicaciones/diccionarios/diccionario-cancer/def/monocito,23610
www.cancer.gov/espanol/publicaciones/diccionarios/diccionario-cancer/def/globulo-rojo,23594
www.cancer.gov/publications/dictionaries/cancer-terms/def/digestive-system,23438
www.cancer.gov/about-cancer/causes-prevention/risk/infectious-agents/h-pylori-fact-sheet,23416
www.cancer.gov/about-cancer/causes-prevention/risk/hormones/oral-contraceptives-fact-sheet,23182
www.cancer.gov/types/stomach,23135
www.cancer.gov/espanol/cancer/tratamiento/tipos/inmunoterapia,23129
www.cancer.gov/espanol/publicaciones/diccionarios/diccionario-cancer/def/proteina-c-reactiva,23119
www.cancer.gov/publications/dictionaries/cancer-terms/def/lymph-node,23117
www.cancer.gov/espanol/publicaciones/diccionarios/diccionario-cancer/def/faringe,23054
www.cancer.gov/publications/dictionaries/cancer-terms/def/white-blood-cell,22739
www.cancer.gov/espanol/tipos/hipofisis/paciente/tratamiento-hipofisis-pdq,22616
www.cancer.gov/espanol/publicaciones/diccionarios/diccionario-cancer/def/ecografia-transvaginal,22577
www.cancer.gov/espanol/publicaciones/diccionarios/diccionario-cancer/def/enfermedad-respiratoria,22543
www.cancer.gov/about-cancer/diagnosis-staging/diagnosis/tumor-markers-fact-sheet,22518
www.cancer.gov/types/breast/patient/breast-treatment-pdq,22516
www.cancer.gov/publications/dictionaries/cancer-terms/def/pap-smear,22499
www.cancer.gov/about-cancer/diagnosis-staging/diagnosis/tumor-grade,22451
www.cancer.gov/types/stomach/survival,22369
www.cancer.gov/types/lung/hp/non-small-cell-lung-treatment-pdq,22298
www.cancer.gov/publications/dictionaries/cancer-terms/def/cell,22295
www.cancer.gov/about-cancer/treatment/side-effects/lymphedema,22286
www.cancer.gov/types/colorectal/hp/colon-treatment-pdq,22100
www.cancer.gov/research/infrastructure/cancer-centers,22073
www.cancer.gov/types/colorectal/patient/rectal-treatment-pdq,22055
www.cancer.gov/publications/dictionaries/cancer-terms/def/small-intestine,21982
www.cancer.gov/espanol/publicaciones/diccionarios/diccionario-cancer/def/adn,21822
www.cancer.gov/about-cancer/diagnosis-staging/ct-scans-fact-sheet,21785
www.cancer.gov/espanol/publicaciones/diccionarios/diccionario-cancer/def/glandula-suprarrenal,21778
www.cancer.gov/types/kidney/patient/kidney-treatment-pdq,21689
www.cancer.gov/about-cancer/treatment/side-effects,21574
www.cancer.gov/types/colorectal/patient/colon-treatment-pdq,21434
www.cancer.gov/espanol/publicaciones/diccionarios/diccionario-cancer/def/neutrofilo,21410
www.cancer.gov/espanol/tipos/linfoma/paciente/tratamiento-hodgkin-adultos-pdq,21385
www.cancer.gov/types/cervical/causes-risk-prevention,21276
www.cancer.gov/types/leukemia/patient/adult-all-treatment-pdq,21276
www.cancer.gov/espanol/publicaciones/diccionarios/diccionario-cancer/def/tejido-conjuntivo,21165
www.cancer.gov/espanol/publicaciones/diccionarios/diccionario-cancer/def/sindrome-de-edwards,21150
www.cancer.gov/types/lung,21032
www.cancer.gov/types/breast/ibc-fact-sheet,21005
www.cancer.gov/types/common-cancers,20969
www.cancer.gov/espanol/noticias/temas-y-relatos-blog/2018/endometrio-cancer-sangrado-sintoma-comun,20828
www.cancer.gov/espanol/tipos/cuello-uterino/estadios,20746
www.cancer.gov/rare-brain-spine-tumor/espanol/tumores/anatomia,20702
www.cancer.gov/espanol/publicaciones/diccionarios/diccionario-cancer/def/tubo-digestivo,20698
www.cancer.gov/espanol/publicaciones/diccionarios/diccionario-cancer/def/estomago,20691
www.cancer.gov/espanol/cancer/diagnostico-estadificacion/hoja-informativa-tomografia-computarizada,20475
www.cancer.gov/news-events/cancer-currents-blog/2020/prostate-cancer-psma-pet-ct-metastasis,20374
www.cancer.gov/publications/dictionaries/cancer-terms/def/bone-marrow,20306
www.cancer.gov/espanol/publicaciones/diccionarios/diccionario-cancer/def/timo,20272
www.cancer.gov/espanol/publicaciones/diccionarios/diccionario-cancer/def/losartan-potasico,20272
www.cancer.gov/about-cancer/causes-prevention/risk/myths,20051
www.cancer.gov/about-cancer/causes-prevention/risk/infectious-agents/hpv-vaccine-fact-sheet,20041
www.cancer.gov/research/participate/clinical-trials,19908
www.cancer.gov/pediatric-adult-rare-tumor/rare-tumors/rare-digestive-system-tumors/appendiceal-cance,19874
www.cancer.gov/types/prostate,19797
www.cancer.gov/research/key-initiatives/ras/news-events/dialogue-blog/2020/yun-cantley-vitamin-c,19764
www.cancer.gov/espanol/publicaciones/diccionarios/diccionario-cancer/def/aparato-de-golgi,19715
www.cancer.gov/espanol/publicaciones/diccionarios/diccionario-cancer/def/frecuencia-cardiaca,19628
www.cancer.gov/espanol/tipos/cuello-uterino/causas-factores-riesgos-prevencion,19627
www.cancer.gov/publications/dictionaries/cancer-terms/def/adenocarcinoma,19614
www.cancer.gov/about-cancer/treatment/side-effects/skin-nail-changes,19502
www.cancer.gov/publications/dictionaries,19501
www.cancer.gov/espanol/publicaciones/diccionarios/diccionario-cancer/def/inositol,19416
www.cancer.gov/about-cancer/treatment/types/targeted-therapies/approved-drug-list,19376
www.cancer.gov/espanol/tipos/estomago,19246
www.cancer.gov/about-cancer/coping/feelings,19227
www.cancer.gov/espanol/publicaciones/diccionarios/diccionario-cancer/def/neoplasia,19142
www.cancer.gov/espanol/tipos/esofago/paciente/tratamiento-esofago-pdq,19063
www.cancer.gov/about-cancer/diagnosis-staging/symptoms,19044
www.cancer.gov/types/cervical/survival,19027
www.cancer.gov/types/skin/patient/skin-treatment-pdq,18985
www.cancer.gov/types/breast/reconstruction-fact-sheet,18699
www.cancer.gov/espanol/publicaciones/diccionarios/diccionario-cancer/def/serotonina,18687
www.cancer.gov/types/colorectal,18649
www.cancer.gov/publications/dictionaries/cancer-terms/def/car-t-cell-therapy,18642
www.cancer.gov/espanol/cancer/causas-prevencion/riesgo/mitos,18381
www.cancer.gov/espanol/publicaciones/diccionarios/diccionario-cancer/def/prueba-de-papanicolaou,18239
www.cancer.gov/types/bladder/treatment,18091
www.cancer.gov/research/participate/clinical-trials-search/r,18075
www.cancer.gov/espanol/cancer/naturaleza/estadisticas,18066
www.cancer.gov/espanol/publicaciones/diccionarios/diccionario-cancer/def/mitocondria,18045
www.cancer.gov/espanol/publicaciones/diccionarios/diccionario-cancer/def/metabolismo,18013
www.cancer.gov/espanol/publicaciones/diccionarios/diccionario-cancer/def/sistema-inmunitario,17946
www.cancer.gov/espanol/publicaciones/diccionarios/diccionario-cancer/def/pene,17926
www.cancer.gov/espanol/tipos/cabeza-cuello/hoja-informativa-cabeza-cuello,17921
www.cancer.gov/espanol/publicaciones/diccionarios/diccionario-cancer/def/mutacion,17916
www.cancer.gov/types/lung/patient/small-cell-lung-treatment-pdq,17866
www.cancer.gov/espanol/publicaciones/diccionarios/diccionario-cancer/def/sinapsis,17753
www.cancer.gov/espanol/publicaciones/diccionarios/diccionario-cancer/def/oxidacion-reduccion,17672
www.cancer.gov/espanol/publicaciones/diccionarios/diccionario-cancer/def/endocrinologo,17639
www.cancer.gov/espanol/cancer/tratamiento/mca/paciente/prostata-suplementos-pdq,17599
www.cancer.gov/espanol/publicaciones/diccionarios/diccionario-cancer/def/bazo,17598
www.cancer.gov/espanol/tipos/leucemia/paciente/tratamiento-lla-infantil-pdq,17574
www.cancer.gov/espanol/publicaciones/diccionarios/diccionario-cancer/def/clorhidrato-de-tamsulosina,17463
www.cancer.gov/publications/dictionaries/cancer-terms/def/metastasis,17394
www.cancer.gov/about-cancer/causes-prevention/risk/age,17368
www.cancer.gov/about-cancer/treatment/drugs/breast,17313
www.cancer.gov/ccg/,17037
www.cancer.gov/pediatric-adult-rare-tumor/rare-tumors/rare-soft-tissue-tumors/inflammatory-myofibrob,17017
www.cancer.gov/publications/dictionaries/cancer-terms/def/cervix,16997
www.cancer.gov/espanol/tipos/leucemia/paciente/tratamiento-llc-pdq,16984
www.cancer.gov/espanol/cancer/tratamiento/tipos/radioterapia/efectos-secundarios,16973
www.cancer.gov/about-cancer/causes-prevention/genetics/genetic-testing-fact-sheet,16933
www.cancer.gov/pediatric-adult-rare-tumor/rare-tumors/rare-bone-tumors/adamantinoma,16923
www.cancer.gov/ccg/ccg-search-results,16897
www.cancer.gov/about-cancer/causes-prevention/risk,16837
www.cancer.gov/types/leukemia/patient/cml-treatment-pdq,16821
www.cancer.gov/about-cancer/treatment,16723
www.cancer.gov/espanol/publicaciones/diccionarios/diccionario-cancer/def/metastasis,16694
www.cancer.gov/about-cancer/causes-prevention/risk/hormones/des-fact-sheet,16664
www.cancer.gov/espanol/publicaciones/diccionarios/diccionario-cancer/def/aine,16633
www.cancer.gov/publications/dictionaries/cancer-terms/def/red-blood-cell,16602
www.cancer.gov/espanol/cancer/tratamiento/tipos,16564
www.cancer.gov/espanol/tipos,16360
www.cancer.gov/espanol/publicaciones/diccionarios/diccionario-cancer/def/nic-1,16238
www.cancer.gov/espanol/tipos/cabeza-cuello/paciente/adulto/tratamiento-seno-paranasal-pdq,16226
www.cancer.gov/types/stomach/symptoms,16173
www.cancer.gov/espanol/publicaciones/diccionarios/diccionario-cancer/def/histerectomia-total,16151
www.cancer.gov/types/thymoma/patient/thymoma-treatment-pdq,16150
www.cancer.gov/espanol/publicaciones/diccionarios/diccionario-cancer/def/liquido-cefalorraquideo,16110
www.cancer.gov/news-events/cancer-currents-blog/2020/melanoma-spread-lymph-nodes-ferroptosis,16103
www.cancer.gov/espanol/tipos/cuello-uterino/supervivencia,16087
www.cancer.gov/espanol/tipos/piel/paciente/tratamiento-piel-pdq,16086
www.cancer.gov/about-cancer/causes-prevention/risk/substances/aflatoxins,16081
www.cancer.gov/news-events/cancer-currents-blog/2022/mrna-vaccines-to-treat-cancer,15987
www.cancer.gov/espanol/cancer/tratamiento/mca/paciente/hongos-pdq,15952
www.cancer.gov/espanol/publicaciones/diccionarios/diccionario-cancer/def/desnutricion,15896
www.cancer.gov/espanol/publicaciones/diccionarios/diccionario-cancer/def/enfermedad-cronica,15882
www.cancer.gov/about-cancer/causes-prevention/risk/diet/vitamin-d-fact-sheet,15863
www.cancer.gov/publications/dictionaries/genetics-dictionary/def/ashkenazi-jews,15810
www.cancer.gov/news-events/cancer-currents-blog/2022/early-breast-cancer-shorter-radiation-therapy,15804
www.cancer.gov/espanol/cancer/tratamiento/efectos-secundarios/problemas-nervios,15773
www.cancer.gov/espanol/publicaciones/diccionarios/diccionario-cancer/def/transcripcion,15741
www.cancer.gov/types/bladder/symptoms,15736
www.cancer.gov/espanol/publicaciones/diccionarios/diccionario-cancer/def/organulo,15720
www.cancer.gov/about-cancer/treatment/side-effects/urination-changes,15719
www.cancer.gov/publications/dictionaries/cancer-terms/def/kidney,15702
www.cancer.gov/espanol/tipos/ano/paciente/tratamiento-ano-pdq,15632
www.cancer.gov/espanol/publicaciones/diccionarios/diccionario-cancer/def/sistema-de-grupos-sanguineo,15527
www.cancer.gov/espanol/publicaciones/diccionarios/diccionario-cancer/def/cerebelo,15442
www.cancer.gov/espanol/tipos/higado/cancer-vias-biliares,15409
www.cancer.gov/espanol/publicaciones/diccionarios/diccionario-cancer/def/hemoglobina,15354
www.cancer.gov/espanol/publicaciones/diccionarios/diccionario-cancer/def/hipotalamo,15270
www.cancer.gov/espanol/tipos/cuello-uterino/tratamiento,15265
www.cancer.gov/espanol/publicaciones/diccionarios/diccionario-cancer/def/cerebro,15252
www.cancer.gov/espanol/publicaciones/diccionarios/diccionario-cancer/def/indometacina,15248
www.cancer.gov/types/myeloma/patient/myeloma-treatment-pdq,15180
www.cancer.gov/about-cancer/treatment/types/biomarker-testing-cancer-treatment,15178
www.cancer.gov/espanol/publicaciones/diccionarios/diccionario-cancer/def/cultura,15117
www.cancer.gov/pediatric-adult-rare-tumor/rare-tumors/rare-vascular-tumors/epithelioid-hemangioendot,15059
www.cancer.gov/espanol/publicaciones/diccionarios/diccionario-cancer/def/microorganismo,15000
www.cancer.gov/espanol/cancer/tratamiento/mca/paciente/muerdago-pdq,14949
www.cancer.gov/publications/dictionaries/cancer-terms/def/neoplasm,14909
www.cancer.gov/espanol/tipos/pulmon/paciente/tratamiento-pulmon-celulas-no-pequenas-pdq,14885
www.cancer.gov/about-cancer/treatment/cam/patient/mushrooms-pdq,14785
www.cancer.gov/pediatric-adult-rare-tumor/rare-tumors/rare-soft-tissue-tumors/leiomyosarcoma,14738
www.cancer.gov/espanol/publicaciones/diccionarios/diccionario-cancer/def/hormona-sexual,14684
www.cancer.gov/publications/dictionaries/cancer-terms/def/absolute-neutrophil-count,14657
www.cancer.gov/about-cancer/treatment/types/photodynamic-therapy,14636
www.cancer.gov/news-events/cancer-currents-blog/2024/fda-xtandi-prostate-cancer-psa-recurrence,14614
www.cancer.gov/espanol/publicaciones/diccionarios/diccionario-cancer/def/cavidad-oral,14613
www.cancer.gov/espanol/publicaciones/diccionarios/diccionario-cancer/def/mitosis,14528
www.cancer.gov/about-cancer/diagnosis-staging/prognosis,14506
www.cancer.gov/about-cancer/treatment/side-effects/edema,14376
www.cancer.gov/types/bladder/stages,14346
www.cancer.gov/about-cancer/treatment/side-effects/appetite-loss/nutrition-pdq,14341
www.cancer.gov/espanol/cancer/causas-prevencion/genetica/hoja-informativa-brca,14305
www.cancer.gov/news-events/cancer-currents-blog,14303
www.cancer.gov/espanol/cancer/causas-prevencion/riesgo/germenes-infecciosos/hoja-informativa-vacuna-,14236
www.cancer.gov/ccg/research/genome-sequencing/tcga/studied-cancers,14212
www.cancer.gov/types/langerhans/patient/langerhans-treatment-pdq,14150
www.cancer.gov/espanol/tipos/ovario/paciente/tratamiento-ovario-bajo-potencial-maligno-pdq,14092
www.cancer.gov/espanol/cancer/diagnostico-estadificacion/estadificacion/hoja-informativa-ganglio-cen,14074
www.cancer.gov/about-cancer/treatment/types/radiation-therapy/external-beam,14067
www.cancer.gov/espanol/tipos/seno/paciente/tratamiento-seno-pdq,14048
www.cancer.gov/espanol/tipos/vejiga,14013
www.cancer.gov/types/soft-tissue-sarcoma/patient/rhabdomyosarcoma-treatment-pdq,13997
www.cancer.gov/ccg/research/genome-sequencing/tcga/using-tcga-data,13907
www.cancer.gov/about-cancer/treatment/side-effects/mouth-throat/oral-complications-pdq,13884
www.cancer.gov/espanol/cancer/diagnostico-estadificacion/diagnostico/grado-del-tumor,13843
www.cancer.gov/rare-brain-spine-tumor/tumors/medulloblastoma,13809
www.cancer.gov/espanol/cancer/tratamiento/mca/paciente/coenzima-q10-pdq,13804
www.cancer.gov/espanol/publicaciones/diccionarios/diccionario-cancer/def/complejo-de-vitamina-b,13797
www.cancer.gov/espanol/cancer/tratamiento/tipos/radioterapia/braquiterapia,13764
www.cancer.gov/about-cancer/causes-prevention/risk/substances/ethylene-oxide,13759
www.cancer.gov/rare-brain-spine-tumor/tumors/diffuse-midline-gliomas,13736
www.cancer.gov/espanol/publicaciones/diccionarios/diccionario-cancer/def/transaminasa-glutamico-oxal,13724
www.cancer.gov/about-cancer/treatment/types/hormone-therapy,13694
www.cancer.gov/espanol/publicaciones/diccionarios/diccionario-cancer/def/displasia,13672
www.cancer.gov/news-events/cancer-currents-blog/2021/colorectal-cancer-screening-people-older-than-7,13600
www.cancer.gov/espanol/tipos/seno/significado-cambios-en-los-senos/senos-densos,13581
www.cancer.gov/espanol/publicaciones/diccionarios/diccionario-cancer/def/ovario,13549
www.cancer.gov/about-cancer/treatment/drugs/leukemia,13495
www.cancer.gov/news-events/cancer-currents-blog/2024/nexcar19-car-t-cell-therapy-india-nci-collabora,13461
www.cancer.gov/espanol/publicaciones/diccionarios/diccionario-cancer/def/acido,13435
www.cancer.gov/espanol/publicaciones/diccionarios/diccionario-cancer/def/inmunidad,13367
www.cancer.gov/espanol/cancer/tratamiento/efectos-secundarios/estrenimiento/complicaciones-gi-pro-pd,13350
www.cancer.gov/espanol/cancer/diagnostico-estadificacion/diagnostico/hoja-informativa-marcadores-de-,13319
www.cancer.gov/espanol/publicaciones/diccionarios/diccionario-cancer/def/ribosoma,13295
www.cancer.gov/publications/dictionaries/cancer-terms/def/adrenal-gland,13231
www.cancer.gov/about-cancer/causes-prevention/risk/substances/formaldehyde,13199
www.cancer.gov/types/lymphoma/patient/mycosis-fungoides-treatment-pdq,13172
www.cancer.gov/espanol/publicaciones/diccionarios/diccionario-cancer/def/uretra-distal,13168
www.cancer.gov/types/cervical/treatment,13153
www.cancer.gov/espanol/publicaciones/diccionarios/diccionario-cancer/def/arn,13125
www.cancer.gov/publications/dictionaries/cancer-terms/def/high-grade-squamous-intraepithelial-lesion,13120
www.cancer.gov/types/skin/patient/merkel-cell-treatment-pdq,13071
www.cancer.gov/news-events/cancer-currents-blog/2020/crispr-cancer-research-treatment,13044
www.cancer.gov/pediatric-adult-rare-tumor/rare-tumors/rare-soft-tissue-tumors/synovial-sarcoma,13035
www.cancer.gov/espanol/publicaciones/diccionarios/diccionario-cancer/def/alveolos,13027
www.cancer.gov/types/breast/mammograms-fact-sheet,13020
www.cancer.gov/types/uterine,12982
www.cancer.gov/news-events/cancer-currents-blog/2024/preventive-gastrectomy-long-term-consequences,12969
www.cancer.gov/about-cancer/causes-prevention/risk/substances/asbestos,12954
www.cancer.gov/espanol/cancer/tratamiento/tipos/trasplante-de-celulas-madre,12953
www.cancer.gov/espanol/tipos/pene/paciente/tratamiento-pene-pdq,12941
www.cancer.gov/espanol/publicaciones/diccionarios/diccionario-genetica/def/nucleotido,12898
www.cancer.gov/about-cancer/treatment/cam/hp/mushrooms-pdq,12883
www.cancer.gov/types/colorectal/patient/colorectal-screening-pdq,12872
www.cancer.gov/espanol/cancer/causas-prevencion/riesgo/radiacion/hoja-informativa-telefonos-celulare,12858
www.cancer.gov/espanol/publicaciones/diccionarios/diccionario-cancer/def/medicamento-antiinflamatori,12855
www.cancer.gov/types/thyroid,12852
www.cancer.gov/espanol/publicaciones/diccionarios/diccionario-cancer/def/determinantes-sociales-de-l,12836
www.cancer.gov/espanol/publicaciones/diccionarios/diccionario-cancer/def/clorhidrato-de-amitriptilin,12821
www.cancer.gov/types/lymphoma/patient/adult-hodgkin-treatment-pdq,12705
www.cancer.gov/espanol/publicaciones/diccionarios/diccionario-cancer/def/cuello-uterino,12703
www.cancer.gov/about-cancer/diagnosis-staging/diagnosis/pathology-reports-fact-sheet,12699
www.cancer.gov/types/leukemia/patient/child-all-treatment-pdq,12691
www.cancer.gov/espanol/publicaciones/diccionarios/diccionario-cancer/def/sistema-nervioso-simpatico,12684
www.cancer.gov/about-cancer/treatment/side-effects/fatigue,12664
www.cancer.gov/espanol/cancer/cancer-avanzado/cuidadores/planificacion/etapa-final-pro-pdq,12656
www.cancer.gov/news-events/cancer-currents-blog/2023/mammography-older-women-breast-cancer-overdiagn,12652
www.cancer.gov/espanol/tipos/colorrectal/pro/tratamiento-colorrectal-pdq,12650
www.cancer.gov/about-cancer/treatment/drugs/pembrolizumab,12648
www.cancer.gov/about-cancer/causes-prevention/risk/substances,12611
www.cancer.gov/espanol/cancer/sobrellevar/sentimientos,12603
www.cancer.gov/news-events/cancer-currents-blog/2020/proton-therapy-safety-versus-traditional-radiat,12507
www.cancer.gov/espanol/cancer/tratamiento/mca/paciente/gerson-pdq,12462
www.cancer.gov/types/head-and-neck/patient/adult/paranasal-sinus-treatment-pdq,12447
www.cancer.gov/about-cancer,12434
www.cancer.gov/contact,12432
www.cancer.gov/about-cancer/causes-prevention/risk/diet/acrylamide-fact-sheet,12425
www.cancer.gov/espanol/publicaciones/diccionarios/diccionario-cancer/def/diversidad,12423
www.cancer.gov/types/stomach/diagnosis,12402
www.cancer.gov/publications/dictionaries/cancer-terms/def/neutrophil,12399
www.cancer.gov/espanol/publicaciones/diccionarios/diccionario-cancer/def/sarcopenia,12360
www.cancer.gov/publications/dictionaries/cancer-terms/def/hematoma,12341
www.cancer.gov/rare-brain-spine-tumor/tumors/ependymoma,12295
www.cancer.gov/types/head-and-neck/patient/adult/metastatic-squamous-neck-treatment-pdq,12281
www.cancer.gov/espanol/tipos/colorrectal/paciente/deteccion-colorrectal-pdq,12276
www.cancer.gov/types/breast/risk-fact-sheet,12264
www.cancer.gov/espanol/publicaciones/diccionarios/diccionario-cancer/def/glucolisis,12262
www.cancer.gov/publications/dictionaries/cancer-terms/def/dysplasia,12236
www.cancer.gov/espanol/publicaciones/diccionarios/diccionario-cancer/def/covid-19,12215
www.cancer.gov/news-events/cancer-currents-blog/2023/bladder-cancer-padcev-keytruda-doubles-survival,12184
www.cancer.gov/espanol/tipos/cuello-uterino/pro/tratamiento-cuello-uterino-pdq,12126
www.cancer.gov/publications/dictionaries/cancer-terms/def/lymphocyte,12103
www.cancer.gov/about-cancer/causes-prevention/risk/tobacco/cigars-fact-sheet,12095
www.cancer.gov/espanol/publicaciones/diccionarios/diccionario-cancer/def/medula-espinal,12067
www.cancer.gov/espanol/tipos/comunes,12013
www.cancer.gov/publications/dictionaries/cancer-terms/def/ureter,11992
www.cancer.gov/types/pancreatic,11969
www.cancer.gov/about-cancer/treatment/drugs/prostate,11896
www.cancer.gov/pediatric-adult-rare-tumor/rare-tumors/rare-soft-tissue-tumors/nut-carcinoma,11825
www.cancer.gov/publications/dictionaries/cancer-terms/def/bile-duct,11799
www.cancer.gov/pediatric-adult-rare-tumor/rare-tumors/rare-kidney-tumors/clear-cell-renal-cell-carci,11797
www.cancer.gov/espanol/publicaciones/diccionarios/diccionario-cancer/def/ascus,11675
www.cancer.gov/types/breast/patient/breast-screening-pdq,11641
www.cancer.gov/espanol/publicaciones/diccionarios/diccionario-cancer/def/glandula-endocrina,11632
www.cancer.gov/espanol/publicaciones/diccionarios/diccionario-cancer/def/vitamina-b3,11596
www.cancer.gov/publications/dictionaries/cancer-terms/def/endocrine-system,11595
www.cancer.gov/espanol/publicaciones/diccionarios/diccionario-cancer/def/cancer-de-prostata-en-estad,11550
www.cancer.gov/publications/dictionaries/cancer-terms/def/drug,11545
www.cancer.gov/publications/dictionaries/cancer-terms/def/leukocyte,11508
www.cancer.gov/types/brain/patient/diffuse-intrinsic-pontine-glioma,11478
www.cancer.gov/types/childhood-cancers,11476
www.cancer.gov/types/myeloproliferative/patient/chronic-treatment-pdq,11475
www.cancer.gov/types/breast/hp/breast-treatment-pdq,11392
www.cancer.gov/about-cancer/coping/feelings/stress-fact-sheet,11377
www.cancer.gov/about-cancer/treatment/drugs/r-chop,11349
www.cancer.gov/publications/dictionaries/cancer-terms/def/ascus,11347
www.cancer.gov/espanol/publicaciones/diccionarios/diccionario-cancer/def/elemento,11334
www.cancer.gov/publications/dictionaries/cancer-terms/def/port-a-cath,11329
www.cancer.gov/espanol/cancer/deteccion/examenes-de-deteccion,11322
www.cancer.gov/espanol/cancer/causas-prevencion/genetica,11318
www.cancer.gov/about-cancer/advanced-cancer/caregivers/planning/last-days-hp-pdq,11277
www.cancer.gov/about-cancer/causes-prevention/risk/myths/antiperspirants-fact-sheet,11274
www.cancer.gov/publications,11216
www.cancer.gov/espanol/publicaciones/diccionarios/diccionario-cancer/def/fenotipo,11197
www.cancer.gov/espanol/publicaciones/diccionarios/diccionario-cancer/def/diclofenaco-sodico-en-gel,11190
www.cancer.gov/espanol/cancer/causas-prevencion/riesgo/inflamacion-cronica,11187
www.cancer.gov/espanol/tipos/linfoma,11184
www.cancer.gov/espanol/publicaciones/diccionarios/diccionario-cancer/def/embarazo,11180
www.cancer.gov/publications/dictionaries/cancer-terms/def/vertebral-column,11148
www.cancer.gov/espanol/publicaciones/diccionarios/diccionario-cancer/def/respiracion-celular,11143
www.cancer.gov/about-cancer/treatment/cam/hp/curcumin-pdq,11133
www.cancer.gov/espanol/tipos/cabeza-cuello/paciente/adulto/tratamiento-laringe-pdq,11133
www.cancer.gov/espanol/tipos/vagina/paciente/tratamiento-vagina-pdq,11111
www.cancer.gov/rare-brain-spine-tumor/tumors/oligodendroglioma,11061
www.cancer.gov/publications/dictionaries/cancer-terms/def/cin-1,11058
www.cancer.gov/espanol/publicaciones/diccionarios/diccionario-cancer/def/alcoholismo,11041
www.cancer.gov/about-cancer/treatment/cam/patient/vitamin-c-pdq,11031
www.cancer.gov/espanol/publicaciones/diccionarios/diccionario-cancer/def/rosuvastatina-calcica,10986
www.cancer.gov/espanol/tipos/prostata/pro/tratamiento-prostata-pdq,10975
www.cancer.gov/espanol/publicaciones/diccionarios/diccionario-cancer/def/isotopo,10974
www.cancer.gov/publications/dictionaries/cancer-terms/def/socioeconomic-status,10964
www.cancer.gov/news-events/cancer-currents-blog/2024/multiple-myeloma-darzalex-plus-vrd,10954
www.cancer.gov/types/breast/paget-breast-fact-sheet,10952
www.cancer.gov/about-cancer/causes-prevention,10938
www.cancer.gov/espanol/cancer/tratamiento/tipos/quimioterapia,10932
www.cancer.gov/espanol/cancer/tratamiento/efectos-secundarios/perdida-apetito/nutricion-pdq,10890
www.cancer.gov/espanol/publicaciones/diccionarios/diccionario-cancer/def/otorrinolaringologo,10888
www.cancer.gov/about-cancer/screening/patient-screening-overview-pdq,10884
www.cancer.gov/types/cervical/treatment/by-stage,10881
www.cancer.gov/espanol/publicaciones/diccionarios/diccionario-cancer/def/cancer-de-cuello-uterino-en,10873
www.cancer.gov/publications/dictionaries/cancer-terms/def/alveoli,10870
www.cancer.gov/espanol/cancer/tratamiento/efectos-secundarios/cambios-piel-unas,10862
www.cancer.gov/espanol/tipos/intestino-delgado/paciente/tratamiento-intestino-delgado-pdq,10838
www.cancer.gov/publications/dictionaries/cancer-terms/def/negative-for-intraepithelial-lesion-or-mal,10837
www.cancer.gov/about-cancer/treatment/types/hyperthermia,10816
www.cancer.gov/publications/dictionaries/cancer-terms/def/homeostasis,10810
www.cancer.gov/espanol/publicaciones/diccionarios/diccionario-cancer/def/basofilo,10806
www.cancer.gov/news-events/cancer-currents-blog/2024/breast-cancer-skip-lymph-node-radiation,10788
www.cancer.gov/espanol/publicaciones/diccionarios/diccionario-cancer/def/obstetricia-y-ginecologia,10781
www.cancer.gov/about-cancer/treatment/side-effects/mouth-throat,10772
www.cancer.gov/espanol/publicaciones/diccionarios/diccionario-cancer/def/hemisferio-cerebral,10771
www.cancer.gov/types/brain,10753
www.cancer.gov/espanol/cancer/causas-prevencion/riesgo/dieta/hoja-informativa-vitamina-d,10741
www.cancer.gov/espanol/tipos/cuello-uterino/tratamiento/segun-estadio,10724
www.cancer.gov/news-events/cancer-currents-blog/2023/early-stage-lung-cancer-sublobar-surgery,10717
www.cancer.gov/espanol/publicaciones/diccionarios/diccionario-cancer/def/glandula-pineal,10716
www.cancer.gov/espanol/publicaciones/diccionarios/diccionario-cancer/def/enfermedad-autoinmunitaria,10713
www.cancer.gov/news-events/cancer-currents-blog/2022/positive-fit-stool-test-colonoscopy,10712
www.cancer.gov/publications/dictionaries/cancer-terms/def/ovary,10687
www.cancer.gov/espanol/publicaciones/diccionarios/diccionario-cancer/def/cistitis,10675
www.cancer.gov/espanol/publicaciones/diccionarios/diccionario-cancer/def/diagnostico,10675
www.cancer.gov/about-cancer/treatment/types/immunotherapy/t-cell-transfer-therapy,10648
www.cancer.gov/espanol/publicaciones/diccionarios/diccionario-cancer/def/radical-libre,10641
www.cancer.gov/espanol/cancer/causas-prevencion/riesgo,10638
www.cancer.gov/espanol/publicaciones/diccionarios/diccionario-cancer/def/transaminasa-glutamico-piru,10637
www.cancer.gov/espanol/tipos/piel/paciente/tratamiento-melanoma-pdq,10634
www.cancer.gov/espanol/publicaciones/diccionarios/diccionario-cancer/def/nic-3,10633
www.cancer.gov/espanol/publicaciones/diccionarios/diccionario-cancer/def/conducto-biliar,10602
www.cancer.gov/types/leukemia/hp/adult-aml-treatment-pdq,10591
www.cancer.gov/espanol/publicaciones/diccionarios/diccionario-cancer/def/glandula-tiroidea,10573
www.cancer.gov/espanol/publicaciones/diccionarios/diccionario-cancer/def/medicina-homeopatica,10572
www.cancer.gov/pediatric-adult-rare-tumor/rare-tumors/rare-soft-tissue-tumors/schwannoma,10555
www.cancer.gov/espanol/cancer/causas-prevencion/riesgo/hormonas/hoja-informativa-pildoras-anticoncep,10545
www.cancer.gov/about-cancer/causes-prevention/risk/obesity/obesity-fact-sheet,10451
www.cancer.gov/types/soft-tissue-sarcoma,10450
www.cancer.gov/espanol/publicaciones/diccionarios/diccionario-cancer/ampliar/a,10426
www.cancer.gov/espanol/tipos/seno/hoja-informativa-seno-inflamatorio,10426
www.cancer.gov/research/key-initiatives/covid-19,10418
www.cancer.gov/types/liver/what-is-liver-cancer/causes-risk-factors,10378
www.cancer.gov/espanol/publicaciones/diccionarios/diccionario-cancer/def/prevalencia,10363
www.cancer.gov/about-cancer/advanced-cancer/care-choices/palliative-care-fact-sheet,10346
www.cancer.gov/about-cancer/treatment/side-effects/hot-flashes-pdq,10240
www.cancer.gov/espanol/tipos/seno/pro/tratamiento-seno-pdq,10219
www.cancer.gov/espanol/publicaciones/diccionarios/diccionario-cancer/def/nivel-socioeconomico,10210
www.cancer.gov/news-events/cancer-currents-blog/2023/cancer-survivors-alcohol-drinking-common,10209
www.cancer.gov/espanol/tipos/estomago/diagnostico,10196
www.cancer.gov/espanol/cancer/tratamiento/mca/paciente/aromaterapia-pdq,10181
www.cancer.gov/about-cancer/treatment/cam/patient/mistletoe-pdq,10160
www.cancer.gov/types/head-and-neck/patient/adult/laryngeal-treatment-pdq,10115
www.cancer.gov/espanol/cancer/tratamiento/tipos/inmunoterapia/anticuerpos-monoclonales,10111
www.cancer.gov/about-cancer/treatment/drugs/bevacizumab,10100
www.cancer.gov/espanol/publicaciones/diccionarios/diccionario-cancer/def/displasia-de-cuello-uterino,10100
www.cancer.gov/espanol/publicaciones/diccionarios/diccionario-cancer/def/nic-2,10092
www.cancer.gov/espanol/cancer/causas-prevencion/riesgo/mitos/hoja-informativa-antitranspirantes,10073
www.cancer.gov/espanol/publicaciones/diccionarios/diccionario-cancer/def/acetilcolina,10064
www.cancer.gov/types/gallbladder/patient/gallbladder-treatment-pdq,10042
www.cancer.gov/about-cancer/treatment/types/immunotherapy/monoclonal-antibodies,10020
www.cancer.gov/espanol/tipos/seno/hoja-informativa-paget-seno,10018
www.cancer.gov/espanol/cancer/tratamiento/efectos-secundarios/dolor/dolor-pdq,10015
www.cancer.gov/about-cancer/causes-prevention/patient-prevention-overview-pdq,10011
www.cancer.gov/espanol/tipos/vejiga/supervivencia,10010
www.cancer.gov/espanol/cancer/cancer-avanzado/opciones-de-cuidado/hoja-informativa-cuidado,9970
www.cancer.gov/publications/dictionaries/cancer-terms/def/infection,9937
www.cancer.gov/search/results/,9917
www.cancer.gov/espanol/publicaciones/diccionarios/diccionario-cancer/def/neurona,9916
www.cancer.gov/types/kidney/hp/kidney-treatment-pdq,9914
www.cancer.gov/espanol/publicaciones/diccionarios/diccionario-cancer/def/inclusion,9909
www.cancer.gov/publications/dictionaries/cancer-terms/def/fallopian-tube,9902
www.cancer.gov/espanol/cancer/causas-prevencion/riesgo/sustancias,9897
www.cancer.gov/types/stomach/stages,9855
www.cancer.gov/espanol/publicaciones/diccionarios/diccionario-cancer/def/eosinofilo,9836
www.cancer.gov/espanol/cancer/tratamiento/mca/pro/vitamina-c-pdq,9829
www.cancer.gov/espanol/politicas/derechos-de-autor-y-uso,9805
www.cancer.gov/espanol/publicaciones/diccionarios/diccionario-cancer/def/epigenetica,9797
www.cancer.gov/types/pancreatic/patient/pnet-treatment-pdq,9797
www.cancer.gov/espanol/publicaciones/diccionarios/diccionario-cancer/def/molecula,9785
www.cancer.gov/types/adrenocortical/patient/adrenocortical-treatment-pdq,9756
www.cancer.gov/publications/dictionaries/cancer-terms/def/millimeter,9737
www.cancer.gov/espanol/publicaciones/diccionarios/diccionario-cancer/def/dermis,9737
www.cancer.gov/espanol/publicaciones/diccionarios/diccionario-cancer/def/insuficiencia-renal,9733
www.cancer.gov/espanol/tipos/testiculo/paciente/tratamiento-testiculo-pdq,9724
www.cancer.gov/espanol/publicaciones/diccionarios/diccionario-cancer/def/glandula-paratiroidea,9691
www.cancer.gov/about-cancer/treatment/types/photoimmunotherapy-video,9687
www.cancer.gov/espanol/publicaciones/diccionarios/diccionario-cancer/def/cateter-venoso-periferico,9683
www.cancer.gov/types/leukemia/hp/child-all-treatment-pdq,9673
www.cancer.gov/about-cancer/treatment/types/radiation-therapy/brachytherapy,9661
www.cancer.gov/espanol/publicaciones/diccionarios/diccionario-cancer/def/sistema-nervioso-autonomo,9658
www.cancer.gov/espanol/publicaciones/diccionarios/diccionario-cancer/def/sistema-nervioso-parasimpat,9646
www.cancer.gov/espanol/tipos/uterino/paciente/tratamiento-endometrio-pdq,9637
www.cancer.gov/about-cancer/treatment/types/immunotherapy/angiogenesis-inhibitors-fact-sheet,9587
www.cancer.gov/publications/dictionaries/cancer-terms/def/cbc-with-differential,9586
www.cancer.gov/about-cancer/treatment/drugs/lung,9581
www.cancer.gov/espanol/tipos/seno/paciente/deteccion-seno-pdq,9580
www.cancer.gov/espanol/publicaciones/diccionarios/diccionario-cancer/def/carcinoma-de-celulas-escamo,9580
www.cancer.gov/espanol/publicaciones/diccionarios/diccionario-cancer/def/sonda-nasogastrica,9576
www.cancer.gov/espanol/publicaciones/diccionarios/diccionario-cancer/def/neoplasia-intraepitelial-ce,9565
www.cancer.gov/espanol/publicaciones/diccionarios/diccionario-cancer/def/prueba-inmunohistoquimica,9564
www.cancer.gov/espanol/cancer/tratamiento/efectos-secundarios/fatiga,9533
www.cancer.gov/publications/dictionaries/cancer-terms/def/respiratory-disease,9517
www.cancer.gov/espanol/tipos/rinon/paciente/tratamiento-rinon-pdq,9480
www.cancer.gov/espanol/publicaciones/diccionarios/diccionario-cancer/def/leucocito-polimorfonuclear,9478
www.cancer.gov/espanol/publicaciones/diccionarios/diccionario-cancer/,9472
www.cancer.gov/espanol/publicaciones/diccionarios/diccionario-cancer/def/cavidad-nasal,9460
www.cancer.gov/espanol/publicaciones/diccionarios/diccionario-cancer/def/recuento-absoluto-de-neutro,9454
www.cancer.gov/publications/dictionaries/cancer-terms/def/cin-3,9437
www.cancer.gov/types/childhood-cancers/child-adolescent-cancers-fact-sheet,9414
www.cancer.gov/publications/dictionaries/cancer-terms/def/lsil,9403
www.cancer.gov/types/soft-tissue-sarcoma/patient/adult-soft-tissue-treatment-pdq,9390
www.cancer.gov/espanol/cancer/tratamiento/efectos-secundarios/boca-garganta/complicaciones-orales-pd,9383
www.cancer.gov/types/aya,9380
www.cancer.gov/about-cancer/causes-prevention/risk/diet/cruciferous-vegetables-fact-sheet,9368
www.cancer.gov/espanol/publicaciones/diccionarios/diccionario-cancer/def/seno-paranasal,9362
www.cancer.gov/espanol/publicaciones/diccionarios/diccionario-cancer/def/sars-cov-2,9345
www.cancer.gov/about-cancer/causes-prevention/risk/tobacco/cessation-fact-sheet,9339
www.cancer.gov/types/bladder/treatment/by-stage,9317
www.cancer.gov/publications/dictionaries/cancer-terms/def/duodenum,9312
www.cancer.gov/news-events/cancer-currents-blog/2022/cancer-lymph-nodes-metastasis,9308
www.cancer.gov/espanol/publicaciones/diccionarios/diccionario-cancer/def/nucleolo,9299
www.cancer.gov/types/urethral/patient/urethral-treatment-pdq,9281
www.cancer.gov/espanol/publicaciones/diccionarios/diccionario-cancer/def/grupo-etnico,9277
www.cancer.gov/espanol/publicaciones/diccionarios/diccionario-cancer/def/esomeprazol-de-magnesio,9254
www.cancer.gov/espanol/publicaciones/diccionarios/diccionario-cancer/def/glandula,9252
www.cancer.gov/pediatric-adult-rare-tumor/rare-tumors/rare-soft-tissue-tumors/desmoplastic-small-rou,9247
www.cancer.gov/espanol/publicaciones/diccionarios/diccionario-cancer/def/laringe,9238
www.cancer.gov/espanol/publicaciones/diccionarios/diccionario-cancer/def/trompa-de-falopio,9216
www.cancer.gov/espanol/publicaciones/diccionarios/diccionario-cancer/def/vesicula-biliar,9210
www.cancer.gov/espanol/cancer/causas-prevencion/riesgo/tabaco/hoja-informativa-dejar-de-fumar,9165
www.cancer.gov/types/liver/what-is-liver-cancer,9162
www.cancer.gov/publications/pdq/information-summaries/adult-treatment,9128
www.cancer.gov/pediatric-adult-rare-tumor/rare-tumors/rare-endocrine-tumor/pheochromocytoma,9109
www.cancer.gov/about-cancer/causes-prevention/risk/obesity/physical-activity-fact-sheet,9087
www.cancer.gov/about-cancer/causes-prevention/risk/radiation/nuclear-accidents-fact-sheet,9072
www.cancer.gov/espanol/publicaciones/diccionarios/diccionario-cancer/def/vaso-sanguineo,9054
www.cancer.gov/espanol/tipos/mieloproliferativas/paciente/tratamiento-mielodisplasicos-pdq,9034
www.cancer.gov/publications/dictionaries/genetics-dictionary/def/dna,9023
www.cancer.gov/espanol/publicaciones/diccionarios/diccionario-cancer/def/exploracion-por-tac,8999
www.cancer.gov/espanol/publicaciones/diccionarios/diccionario-cancer/def/herencia-autosomica-dominan,8988
www.cancer.gov/about-cancer/treatment/research/cachexia,8987
www.cancer.gov/espanol/publicaciones/diccionarios/diccionario-cancer/def/piridoxina,8955
www.cancer.gov/espanol/publicaciones/diccionarios/diccionario-cancer/def/testiculo,8951
www.cancer.gov/pediatric-adult-rare-tumor/rare-tumors/rare-endocrine-tumor/medullary-thyroid-cancer,8942
www.cancer.gov/types/head-and-neck/patient/adult/nasopharyngeal-treatment-pdq,8918
www.cancer.gov/publications/dictionaries/genetics-dictionary/def/x-linked-recessive-inheritance,8903
www.cancer.gov/espanol/publicaciones/diccionarios/diccionario-cancer/def/inflamacion,8867
www.cancer.gov/espanol/publicaciones/diccionarios/diccionario-cancer/def/duodeno,8857
www.cancer.gov/types/breast/hp,8852
www.cancer.gov/news-events/cancer-currents-blog/2017/breast-cancer-lymph-node-removal,8842
www.cancer.gov/espanol/publicaciones/diccionarios/diccionario-cancer/def/metabolismo-celular,8811
www.cancer.gov/espanol/publicaciones/diccionarios/diccionario-cancer/def/tiroides,8793
www.cancer.gov/about-cancer/treatment/cam/hp/prostate-supplements-pdq,8780
www.cancer.gov/espanol/publicaciones/diccionarios/diccionario-cancer/def/intestino-grueso,8764
www.cancer.gov/about-cancer/treatment/drugs/cancer-type,8749
www.cancer.gov/espanol/publicaciones/diccionarios/diccionario-cancer/def/ritmo-circadiano,8734
www.cancer.gov/about-cancer/treatment/types/surgery,8733
www.cancer.gov/espanol/tipos/colorrectal/paciente/tratamiento-rectal-pdq,8717
www.cancer.gov/espanol/cancer/causas-prevencion/riesgo/sustancias/benceno,8704
www.cancer.gov/news-events/cancer-currents-blog/2023/neoadjuvant-immunotherapy-only-treatment,8702
www.cancer.gov/types/head-and-neck,8691
www.cancer.gov/espanol/publicaciones/diccionarios/diccionario-cancer/def/cromatina,8661
www.cancer.gov/ccg/research/genome-sequencing/tcga/history,8653
www.cancer.gov/espanol/publicaciones/diccionarios/diccionario-cancer/def/neoplasia-maligna,8629
www.cancer.gov/news-events/cancer-currents-blog/2020/cervical-cancer-screening-hpv-test-guideline,8620
www.cancer.gov/espanol/tipos/hueso/paciente/tratamiento-ewing-pdq,8619
www.cancer.gov/espanol/cancer/tratamiento/efectos-secundarios/estrenimiento/complicaciones-gi-pdq,8614
www.cancer.gov/espanol/cancer/tratamiento/mca/paciente/essiac-pdq,8605
www.cancer.gov/espanol/tipos/pulmon/pro/tratamiento-pulmon-celulas-no-pequenas-pdq,8601
www.cancer.gov/espanol/tipos/estomago/supervivencia,8573
www.cancer.gov/espanol/publicaciones/diccionarios/diccionario-cancer/def/acido-ascorbico,8570
www.cancer.gov/espanol/publicaciones/diccionarios/diccionario-cancer/def/cianocobalamina,8558
www.cancer.gov/espanol/tipos/prostata/paciente/deteccion-prostata-pdq,8551
www.cancer.gov/espanol/publicaciones/diccionarios/diccionario-cancer/def/infeccion,8540
www.cancer.gov/espanol/publicaciones/diccionarios/diccionario-cancer/def/virus,8536
www.cancer.gov/types/liver/what-is-liver-cancer/treatment,8532
www.cancer.gov/espanol/publicaciones/diccionarios/diccionario-cancer/def/clorhidrato-de-propranolol,8525
www.cancer.gov/about-cancer/treatment/drugs/cisplatin,8522
www.cancer.gov/publications/dictionaries/cancer-terms/def/carcinoma-in-situ,8520
www.cancer.gov/types/breast/surgery-choices,8489
www.cancer.gov/publications/dictionaries/cancer-terms/def/t-cell,8482
www.cancer.gov/espanol/publicaciones/diccionarios/diccionario-cancer/def/consentimiento-informado,8479
www.cancer.gov/espanol/publicaciones/diccionarios/diccionario-cancer/def/macrofago,8474
www.cancer.gov/publications/dictionaries/cancer-terms/def/cin-2,8474
www.cancer.gov/publications/dictionaries/cancer-terms/def/platelet,8469
www.cancer.gov/publications/dictionaries/cancer-terms/def/tumor,8454
www.cancer.gov/espanol/publicaciones/diccionarios/diccionario-cancer/def/ciclo-celular,8437
www.cancer.gov/espanol/publicaciones/diccionarios/diccionario-cancer/def/nutriente,8428
www.cancer.gov/espanol/cancer/causas-prevencion/riesgo/sustancias/asbesto,8421
www.cancer.gov/publications/dictionaries/cancer-terms/def/transcription,8357
www.cancer.gov/types/liver/bile-duct-cancer/stages,8354
www.cancer.gov/espanol/publicaciones/diccionarios/diccionario-cancer/def/farmaco,8351
www.cancer.gov/publications/dictionaries/genetics-dictionary/def/gene,8349
www.cancer.gov/types/head-and-neck/patient/adult/oropharyngeal-treatment-pdq,8345
www.cancer.gov/espanol/publicaciones/diccionarios/diccionario-cancer/def/hipofisis,8344
www.cancer.gov/types/liver,8339
www.cancer.gov/espanol/cancer/tratamiento/mca/pro/hongos-pdq,8337
www.cancer.gov/espanol/publicaciones/diccionarios/diccionario-cancer/def/carcinoma-in-situ,8326
www.cancer.gov/espanol/publicaciones/diccionarios/diccionario-cancer/def/apendice,8326
www.cancer.gov/espanol/publicaciones/diccionarios/diccionario-cancer/def/trazodona,8323
www.cancer.gov/espanol/cancer/causas-prevencion/riesgo/sustancias/formaldehido,8320
www.cancer.gov/types/liver/what-is-liver-cancer/diagnosis,8315
www.cancer.gov/types/breast/patient/breast-prevention-pdq,8303
www.cancer.gov/espanol/publicaciones/diccionarios/diccionario-cancer/def/tincion-con-hematoxilina-y-,8301
www.cancer.gov/about-cancer/understanding/disparities,8258
www.cancer.gov/espanol/cancer/tratamiento/tipos/cirugia/crioterapia,8233
www.cancer.gov/about-cancer/causes-prevention/risk/hormones/reproductive-history-fact-sheet,8233
www.cancer.gov/espanol/publicaciones/diccionarios/diccionario-cancer/def/virus-de-la-leucemia-humana,8233
www.cancer.gov/about-cancer/screening,8211
www.cancer.gov/types/anal/patient/anal-treatment-pdq,8191
www.cancer.gov/espanol/noticias/temas-y-relatos-blog/2019/prostata-cancer-prevencion-finasterida-par,8184
www.cancer.gov/types/stomach/treatment,8164
www.cancer.gov/espanol/publicaciones/diccionarios/diccionario-cancer/def/compuesto,8148
www.cancer.gov/about-cancer/treatment/drugs/nivolumab,8141
www.cancer.gov/espanol/publicaciones/diccionarios/diccionario-cancer/def/urea,8113
www.cancer.gov/espanol/tipos/timoma/paciente/tratamiento-timoma-pdq,8111
www.cancer.gov/espanol/tipos/vesicula-biliar/paciente/tratamiento-vesicula-biliar-pdq,8107
www.cancer.gov/about-cancer/causes-prevention/risk/diet/cooked-meats-fact-sheet,8100
www.cancer.gov/espanol/publicaciones/diccionarios/diccionario-cancer/def/bi-rads,8100
www.cancer.gov/espanol/tipos/vulva/paciente/tratamiento-vulva-pdq,8090
www.cancer.gov/pediatric-adult-rare-tumor/rare-tumors/rare-endocrine-tumor/carcinoid-tumor,8072
www.cancer.gov/rare-brain-spine-tumor/tumors/pineal-region-tumors,8060
www.cancer.gov/publications/dictionaries/cancer-terms/def/cecum,8055
www.cancer.gov/publications/pdq,8043
www.cancer.gov/espanol/publicaciones/diccionarios/diccionario-cancer/def/morbilidad,8026
www.cancer.gov/publications/dictionaries/genetics-dictionary/def/autosomal-dominant-inheritance,8025
www.cancer.gov/espanol/publicaciones/diccionarios/diccionario-cancer/def/estres-oxidativo,8020
www.cancer.gov/publications/dictionaries/cancer-terms/def/spine,7973
www.cancer.gov/types/lymphoma/patient/child-hodgkin-treatment-pdq,7968
www.cancer.gov/espanol/publicaciones/diccionarios/diccionario-cancer/def/tumor,7968
www.cancer.gov/espanol/publicaciones/diccionarios/diccionario-genetica/def/gen,7946
www.cancer.gov/espanol/tipos/estomago/tratamiento,7937
www.cancer.gov/espanol/publicaciones/diccionarios/diccionario-cancer/def/neuropatia,7932
www.cancer.gov/research/participate/clinical-trials-search/advanced,7930
www.cancer.gov/espanol/publicaciones/diccionarios/diccionario-cancer/def/atrofia-vaginal,7918
www.cancer.gov/connect-prevention-study/,7896
www.cancer.gov/espanol/publicaciones/diccionarios/diccionario-cancer/def/gluconeogenesis,7875
www.cancer.gov/types/bladder/diagnosis,7870
www.cancer.gov/espanol/publicaciones/diccionarios/diccionario-cancer/def/autofagia,7866
www.cancer.gov/types/by-body-location,7864
www.cancer.gov/publications/fact-sheets,7858
www.cancer.gov/about-cancer/treatment/drugs/colorectal,7852
www.cancer.gov/espanol/cancer/tratamiento/efectos-secundarios,7849
www.cancer.gov/espanol/cancer/causas-prevencion/riesgo/dieta/hoja-informativa-edulcorantes-artificia,7847
www.cancer.gov/publications/dictionaries/cancer-terms/def/pancytopenia,7832
www.cancer.gov/espanol/publicaciones/diccionarios/diccionario-cancer/def/glandula-exocrina,7830
www.cancer.gov/rare-brain-spine-tumor/espanol/tumores/meningioma,7821
www.cancer.gov/espanol/publicaciones/diccionarios/diccionario-cancer/def/vejiga,7811
www.cancer.gov/espanol/publicaciones/diccionarios/diccionario-cancer/def/oxidacion,7810
www.cancer.gov/espanol/publicaciones/diccionarios/diccionario-cancer/def/inmunidad-innata,7806
www.cancer.gov/types/prostate/patient/prostate-prevention-pdq,7799
www.cancer.gov/grants-training/grants-funding/funding-opportunities,7791
www.cancer.gov/espanol/cancer/causas-prevencion/riesgo/luz-solar,7783
www.cancer.gov/espanol/publicaciones/diccionarios/diccionario-cancer/def/espectro-electromagnetico,7753
www.cancer.gov/espanol/publicaciones/diccionarios/diccionario-cancer/def/deterioro-cognitivo,7732
www.cancer.gov/publications/dictionaries/cancer-terms/def/uterus,7731
www.cancer.gov/publications/dictionaries/cancer-terms/def/microorganism,7712
www.cancer.gov/publications/dictionaries/cancer-terms/def/large-intestine,7705
www.cancer.gov/espanol/publicaciones/diccionarios/diccionario-cancer/def/linfocito-t,7692
www.cancer.gov/publications/dictionaries/cancer-terms/def/mri,7688
www.cancer.gov/publications/dictionaries/cancer-terms/def/chronic-disease,7687
www.cancer.gov/espanol/publicaciones/diccionarios/diccionario-cancer/def/genotipo-heterocigoto,7678
www.cancer.gov/types/lung/research,7670
www.cancer.gov/espanol/publicaciones/diccionarios/diccionario-cancer/def/enfisema,7642
www.cancer.gov/espanol/publicaciones/diccionarios/diccionario-cancer/def/crispr-cas9,7636
www.cancer.gov/research/participate/what-are-observational-studies,7622
www.cancer.gov/research/key-initiatives/moonshot-cancer-initiative,7595
www.cancer.gov/news-events/cancer-currents-blog/2018/dual-stain-test-cervical-hpv-positive,7592
www.cancer.gov/publications/dictionaries/cancer-terms/def/substance-abuse,7587
www.cancer.gov/about-cancer/treatment/side-effects/nausea/nausea-pdq,7571
www.cancer.gov/espanol/noticias/temas-y-relatos-blog/2021/padres-preocupacion-seguridad-vacuna-vph,7565
www.cancer.gov/espanol/tipos/linfoma/paciente/tratamiento-micosis-fungoide-pdq,7556
www.cancer.gov/espanol/tipos/estomago/estadios,7547
www.cancer.gov/about-cancer/treatment/cam/patient/laetrile-pdq,7544
www.cancer.gov/espanol/tipos/leucemia/paciente/tratamiento-lmc-pdq,7528
www.cancer.gov/espanol/publicaciones/diccionarios/diccionario-cancer/def/sustancia-psicotropica,7527
www.cancer.gov/publications/dictionaries/cancer-terms/def/drug-abuse,7518
www.cancer.gov/publications/dictionaries/cancer-terms/def/cerebrospinal-fluid,7510
www.cancer.gov/espanol/publicaciones/diccionarios/diccionario-cancer/def/higado,7505
www.cancer.gov/espanol/publicaciones/diccionarios/diccionario-cancer/def/herencia-autosomica-recesiv,7500
www.cancer.gov/espanol/publicaciones/diccionarios/diccionario-cancer/def/dexametasona,7497
www.cancer.gov/publications/dictionaries/cancer-terms/def/heterogeneously-dense-breast-tissue,7495
www.cancer.gov/news-events/cancer-currents-blog/2020/radiation-sbrt-painful-spinal-metastases,7482
www.cancer.gov/espanol/publicaciones/diccionarios/diccionario-cancer/def/frotis-de-sangre-periferica,7480
www.cancer.gov/types/vaginal/patient/vaginal-treatment-pdq,7478
www.cancer.gov/espanol/publicaciones/diccionarios/diccionario-cancer/def/division-celular,7463
www.cancer.gov/espanol/publicaciones/diccionarios/diccionario-genetica/def/arbol-genealogico,7453
www.cancer.gov/espanol/tipos/higado/que-es-cancer-de-higado/causas-factores-de-riesgo,7440
www.cancer.gov/news-events/cancer-currents-blog/2023/tarlatamab-previously-treated-sclc,7438
www.cancer.gov/types/kidney,7413
www.cancer.gov/about-cancer/treatment/side-effects/pain/pain-pdq,7412
www.cancer.gov/publications/dictionaries/cancer-terms/def/scattered-fibroglandular-breast-tissue,7394
www.cancer.gov/espanol/cancer/causas-prevencion/riesgo/radiacion,7394
www.cancer.gov/espanol/cancer/causas-prevencion/riesgo/dieta/hoja-informativa-antioxidantes,7371
www.cancer.gov/espanol/publicaciones/diccionarios/diccionario-cancer/def/hormona-antidiuretica,7344
www.cancer.gov/espanol/cancer/tratamiento/efectos-secundarios/linfedema,7344
www.cancer.gov/types/uterine/hp/endometrial-treatment-pdq,7339
www.cancer.gov/policies/copyright-reuse,7318
www.cancer.gov/espanol/publicaciones/diccionarios/diccionario-cancer/def/glandula-mamaria,7302
www.cancer.gov/types/soft-tissue-sarcoma/patient/gist-treatment-pdq,7302
www.cancer.gov/espanol/noticias/temas-y-relatos-blog/2017/medicina-alternativa-cancer-supervivencia,7287
www.cancer.gov/espanol/publicaciones/diccionarios/diccionario-cancer/def/organo,7286
www.cancer.gov/espanol/cancer/tratamiento/mca/pro/muerdago-pdq,7286
www.cancer.gov/publications/dictionaries/cancer-terms/def/penis,7281
www.cancer.gov/espanol/publicaciones/diccionarios/diccionario-cancer/def/noradrenalina,7280
www.cancer.gov/about-cancer/causes-prevention/risk/substances/benzene,7273
www.cancer.gov/about-cancer/causes-prevention/risk/substances/hair-dyes-fact-sheet,7256
www.cancer.gov/espanol/tipos/sarcoma-de-tejido-blando/paciente/tratamiento-tejido-blando-adultos-pdq,7253
www.cancer.gov/publications/dictionaries/cancer-terms/def/double-blind-study,7253
www.cancer.gov/about-cancer/treatment/cam/patient/gerson-pdq,7249
www.cancer.gov/publications/dictionaries/cancer-terms/def/connective-tissue,7238
www.cancer.gov/publications/dictionaries/cancer-terms/def/von-hippel-lindau-syndrome,7226
www.cancer.gov/espanol/publicaciones/diccionarios/diccionario-cancer/def/ecografia-endovaginal,7215
www.cancer.gov/publications/dictionaries/cancer-terms/def/lymphatic-system,7198
www.cancer.gov/espanol/publicaciones/diccionarios/diccionario-cancer/def/nutricion-parenteral,7189
www.cancer.gov/news-events/cancer-currents-blog/2021/pancreatic-cancer-diabetes-early-detection,7185
www.cancer.gov/espanol/publicaciones/diccionarios/diccionario-cancer/def/racismo,7177
www.cancer.gov/news-events/press-releases/2024/ai-tool-matches-cancer-drugs-to-patients,7173
www.cancer.gov/rare-brain-spine-tumor/espanol/tumores/gliomas-difuso-linea-media,7170
www.cancer.gov/espanol/publicaciones/diccionarios/diccionario-cancer/def/vitamina-b1,7169
www.cancer.gov/espanol/publicaciones/diccionarios/diccionario-cancer/def/prostaglandina,7168
www.cancer.gov/pediatric-adult-rare-tumor/rare-tumors/rare-soft-tissue-tumors/desmoid-tumor,7159
www.cancer.gov/about-cancer/coping/caregiver-support,7150
www.cancer.gov/ccg/research/genome-sequencing/tcga/using-tcga-data/tools,7141
www.cancer.gov/espanol/publicaciones/diccionarios/diccionario-cancer/def/epididimo,7138
www.cancer.gov/espanol/cancer/tratamiento/mca/paciente/cannabis-pdq,7135
www.cancer.gov/about-cancer/causes-prevention/risk/diet,7130
www.cancer.gov/publications/dictionaries/cancer-terms/def/hyperplasia,7116
www.cancer.gov/publications/dictionaries/cancer-terms/def/pancreas,7109
www.cancer.gov/news-events/cancer-currents-blog/2023/vorasidenib-low-grade-glioma-idh-mutations,7091
www.cancer.gov/publications/dictionaries/genetics-dictionary/def/chromosome,7082
www.cancer.gov/espanol/publicaciones/diccionarios/diccionario-cancer/def/vena-cava,7078
www.cancer.gov/publications/patient-education,7077
www.cancer.gov/espanol/tipos/cabeza-cuello/paciente/adulto/tratamiento-glandulas-salivales-pdq,7061
www.cancer.gov/about-cancer/causes-prevention/risk/diet/antioxidants-fact-sheet,7053
www.cancer.gov/news-events/cancer-currents-blog/2019/early-metastasis-colorectal-cancer,7051
www.cancer.gov/espanol/publicaciones/diccionarios/diccionario-cancer/def/papiloma-oral,7050
www.cancer.gov/espanol/cancer/causas-prevencion,7021
www.cancer.gov/types/breast/research,7021
www.cancer.gov/espanol/publicaciones/diccionarios/diccionario-cancer/def/milimetro,6991
www.cancer.gov/types/lung/patient/lung-prevention-pdq,6983
www.cancer.gov/about-cancer/causes-prevention/risk/hormones/mht-fact-sheet,6967
www.cancer.gov/about-cancer/understanding,6956
www.cancer.gov/publications/dictionaries/cancer-terms/def/lesion,6952
www.cancer.gov/publications/dictionaries/cancer-terms/def/cognitive-impairment,6951
www.cancer.gov/publications/dictionaries/cancer-terms/def/macrophage,6945
www.cancer.gov/publications/dictionaries/cancer-terms/def/mast-cell,6908
www.cancer.gov/espanol/cancer/tratamiento/tipos/terapia-dirigida,6872
www.cancer.gov/espanol/publicaciones/diccionarios/diccionario-cancer/def/pulso,6865
www.cancer.gov/espanol/publicaciones/diccionarios/diccionario-cancer/def/conducto-deferente,6845
www.cancer.gov/news-events/cancer-currents-blog/2024/stress-cancer-metastasis-nets,6828
www.cancer.gov/espanol/tipos/seno/hoja-informativa-reconstruccion,6825
www.cancer.gov/about-cancer/treatment/cam/patient/prostate-supplements-pdq,6821
www.cancer.gov/publications/dictionaries/cancer-terms/expand/a,6807
www.cancer.gov/news-events/cancer-currents-blog/2024/liquid-biopsy-detects-pancreatic-cancer,6793
www.cancer.gov/about-cancer/treatment/side-effects/nausea/nausea-hp-pdq,6791
www.cancer.gov/types/parathyroid/patient/parathyroid-treatment-pdq,6789
www.cancer.gov/espanol/publicaciones/diccionarios/diccionario-cancer/def/hematocrito,6779
www.cancer.gov/types/gestational-trophoblastic/patient/gtd-treatment-pdq,6772
www.cancer.gov/espanol/tipos/vejiga/tratamiento,6758
www.cancer.gov/espanol/publicaciones/diccionarios/diccionario-cancer/def/carcinoma-ductal-in-situ-de,6740
www.cancer.gov/news-events/cancer-currents-blog/2024/lutathera-neuroendocrine-tumor-initial-treatmen,6739
www.cancer.gov/espanol/tipos/mieloma-multiple/paciente/tratamiento-mieloma-pdq,6737
www.cancer.gov/nano/cancer-nanotechnology/treatment,6735
www.cancer.gov/types/stomach/causes-risk-factors,6719
www.cancer.gov/publications/dictionaries/cancer-terms/def/malignant,6719
www.cancer.gov/espanol/noticias/comunicados-de-prensa/2014/predictor-riesgo-de-vph,6714
www.cancer.gov/espanol/publicaciones/diccionarios/diccionario-cancer/def/carcinoma-ductal-infiltrant,6706
www.cancer.gov/espanol/publicaciones/diccionarios/diccionario-cancer/def/mioinositol,6700
www.cancer.gov/espanol/publicaciones/diccionarios/diccionario-cancer/def/conducto-coledoco,6699
www.cancer.gov/espanol/publicaciones/diccionarios/diccionario-cancer/def/biopsia,6696
www.cancer.gov/types/lung/hp/small-cell-lung-treatment-pdq,6680
www.cancer.gov/espanol/publicaciones/diccionarios/diccionario-cancer/def/curcuma,6676
www.cancer.gov/types/lymphoma/patient/primary-cns-lymphoma-treatment-pdq,6665
www.cancer.gov/espanol/publicaciones/diccionarios/diccionario-cancer/def/pupila,6664
www.cancer.gov/types/breast/risk-reducing-surgery-fact-sheet,6664
www.cancer.gov/about-cancer/causes-prevention/risk/substances/formaldehyde/formaldehyde-fact-sheet,6636
www.cancer.gov/espanol/publicaciones/diccionarios/diccionario-cancer/def/citoesqueleto,6627
www.cancer.gov/news-events/cancer-currents-blog/2019/mgus-multiple-myeloma-progression-risk,6604
www.cancer.gov/espanol/tipos/cerebro/paciente/tratamiento-cerebro-adultos-pdq,6596
www.cancer.gov/types/head-and-neck/patient/adult/salivary-gland-treatment-pdq,6594
www.cancer.gov/espanol/publicaciones/diccionarios/diccionario-cancer/def/esofago,6582
www.cancer.gov/publications/dictionaries/cancer-terms/def/mutation,6581
www.cancer.gov/espanol/publicaciones/diccionarios/diccionario-cancer/def/lisosoma,6580
www.cancer.gov/espanol/publicaciones/diccionarios/diccionario-cancer/def/granuloma-piogeno,6567
www.cancer.gov/about-cancer/treatment/research,6566
www.cancer.gov/types/liver/bile-duct-cancer/treatment,6557
www.cancer.gov/espanol/publicaciones/diccionarios/diccionario-cancer/def/lactobacillus,6549
www.cancer.gov/types/leukemia/patient/hairy-cell-treatment-pdq,6540
www.cancer.gov/espanol/publicaciones/diccionarios/diccionario-cancer/def/lavado-vaginal,6527
www.cancer.gov/espanol/tipos/prostata/hoja-informativa-terapia-hormonal,6519
www.cancer.gov/publications/dictionaries/cancer-terms/def/ileum,6509
www.cancer.gov/publications/dictionaries/cancer-terms/def/monocyte,6507
www.cancer.gov/types/esophageal,6501
www.cancer.gov/espanol/publicaciones/diccionarios/diccionario-cancer/def/ca-15-3,6494
www.cancer.gov/espanol/publicaciones/diccionarios/diccionario-cancer/def/morfologia,6473
www.cancer.gov/news-events,6468
www.cancer.gov/espanol/publicaciones/diccionarios/diccionario-cancer/def/fibrosis-mamaria,6435
www.cancer.gov/espanol/tipos/estomago/causas-factores-riesgo,6420
www.cancer.gov/publications/patient-education/eating-hints,6415
www.cancer.gov/pediatric-adult-rare-tumor/rare-tumors/rare-bone-tumors/chordoma,6415
www.cancer.gov/about-cancer/causes-prevention/risk/radiation,6396
www.cancer.gov/types/myeloma,6395
www.cancer.gov/research/progress/250-years-milestones,6395
www.cancer.gov/espanol/cancer/tratamiento/tipos/terapia-hormonal,6393
www.cancer.gov/espanol/publicaciones/diccionarios/diccionario-cancer/def/absorcion,6392
www.cancer.gov/publications/dictionaries/cancer-terms/def/spleen,6361
www.cancer.gov/news-events/cancer-currents-blog/2021/immune-checkpoint-inhibitors-melanoma-long-term,6361
www.cancer.gov/espanol/publicaciones/diccionarios/diccionario-cancer/def/ictus,6351
www.cancer.gov/espanol/cancer/tratamiento/efectos-secundarios/sangrado-moretones,6346
www.cancer.gov/espanol/cancer/diagnostico-estadificacion/diagnostico/hoja-informativa-informes-de-pa,6339
www.cancer.gov/espanol/publicaciones/diccionarios/diccionario-cancer/def/adenocarcinoma,6330
www.cancer.gov/news-events/cancer-currents-blog/2023/cancer-alcohol-link-public-awareness,6328
www.cancer.gov/espanol/publicaciones/diccionarios/diccionario-cancer/def/par-de-bases,6327
www.cancer.gov/publications/dictionaries/cancer-terms/def/nucleus,6318
www.cancer.gov/espanol/publicaciones/diccionarios/diccionario-cancer/def/lansoprazol,6316
www.cancer.gov/espanol/tipos/mieloproliferativas/paciente/tratamiento-cronicas-pdq,6301
www.cancer.gov/espanol/publicaciones/diccionarios/diccionario-cancer/def/endocrinologia,6289
www.cancer.gov/espanol/publicaciones/diccionarios/diccionario-cancer/def/traduccion,6286
www.cancer.gov/espanol/tipos/hueso/hoja-informativa-hueso,6276
www.cancer.gov/espanol/tipos/uterino,6271
www.cancer.gov/about-cancer/diagnosis-staging,6263
www.cancer.gov/espanol/publicaciones/diccionarios/diccionario-cancer/def/endorfina,6257
www.cancer.gov/espanol/publicaciones/diccionarios/diccionario-cancer/def/catecolamina,6253
www.cancer.gov/espanol/publicaciones/diccionarios/diccionario-cancer/def/ileon,6249
www.cancer.gov/espanol/publicaciones/diccionarios/diccionario-cancer/def/embarazo-subrogado,6247
www.cancer.gov/publications/dictionaries/cancer-terms/def/immune-checkpoint-inhibitor,6234
www.cancer.gov/espanol/tipos/vejiga/diagnostico,6228
www.cancer.gov/espanol/publicaciones/diccionarios/diccionario-cancer/def/gonadotropina-corionica-hum,6225
www.cancer.gov/espanol/publicaciones/diccionarios/diccionario-cancer/def/histamina,6218
www.cancer.gov/about-cancer/causes-prevention/risk/hormones,6210
www.cancer.gov/espanol/cancer/tratamiento/tipos/inmunoterapia/inhibidores-de-puntos-de-control,6208
www.cancer.gov/publications/dictionaries/cancer-terms/def/stage-i-adult-soft-tissue-sarcoma-of-the-t,6196
www.cancer.gov/espanol/publicaciones/diccionarios/diccionario-cancer/def/edta,6192
www.cancer.gov/espanol/publicaciones/diccionarios/diccionario-cancer/def/imagen-por-resonancia-magne,6190
www.cancer.gov/espanol/publicaciones/diccionarios/diccionario-cancer/def/celula-escamosa,6190
www.cancer.gov/espanol/publicaciones/diccionarios/diccionario-cancer/def/base,6164
www.cancer.gov/types/kidney/patient/transitional-cell-treatment-pdq,6148
www.cancer.gov/publications/dictionaries/cancer-terms/def/pelvic-exam,6146
www.cancer.gov/espanol/publicaciones/diccionarios/diccionario-cancer/def/bronquitis-cronica,6146
www.cancer.gov/news-events/cancer-currents-blog/2022/enhertu-her2-low-breast-cancer,6144
www.cancer.gov/espanol/publicaciones/diccionarios/diccionario-cancer/def/osteopenia,6131
www.cancer.gov/espanol/publicaciones/diccionarios/diccionario-cancer/def/citometria-de-flujo,6128
www.cancer.gov/espanol/publicaciones/diccionarios/diccionario-cancer/def/hiperplasia,6122
www.cancer.gov/types/ovarian,6121
www.cancer.gov/espanol/tipos/sarcoma-de-tejido-blando/paciente/tratamiento-kaposi-pdq,6110
www.cancer.gov/espanol/publicaciones/diccionarios/diccionario-cancer/def/pubertad,6105
www.cancer.gov/types/skin/patient/skin-screening-pdq,6104
www.cancer.gov/about-cancer/causes-prevention/research/aspirin-cancer-risk,6097
www.cancer.gov/espanol/publicaciones/diccionarios/diccionario-cancer/def/hormona-luteinizante,6096
www.cancer.gov/types/colorectal/patient/colorectal-prevention-pdq,6093
www.cancer.gov/about-cancer/advanced-cancer,6089
www.cancer.gov/espanol/publicaciones,6086
www.cancer.gov/types/small-intestine/patient/small-intestine-treatment-pdq,6071
www.cancer.gov/pediatric-adult-rare-tumor/rare-tumors/rare-digestive-system-tumors/fibrolamellar-hep,6069
www.cancer.gov/publications/dictionaries/genetics-dictionary/def/autosomal-recessive-inheritance,6065
www.cancer.gov/espanol/publicaciones/diccionarios/diccionario-cancer/def/cardiopatia,6064
www.cancer.gov/publications/dictionaries/cancer-terms/def/immunity,6063
www.cancer.gov/espanol/tipos/trofoblastico-gestacion/paciente/tratamiento-etg-pdq,6062
www.cancer.gov/types/pheochromocytoma/patient/pheochromocytoma-treatment-pdq,6032
www.cancer.gov/espanol/publicaciones/diccionarios/diccionario-cancer/def/cromosoma,6032
www.cancer.gov/espanol/publicaciones/diccionarios/diccionario-cancer/def/anorexia-nerviosa,6031
www.cancer.gov/types/prostate/hp/prostate-treatment-pdq,6025
www.cancer.gov/espanol/tipos/seno/paciente/prevencion-seno-pdq,6025
www.cancer.gov/about-cancer/treatment/drugs/brain,6022
www.cancer.gov/about-cancer/treatment/questions,6009
www.cancer.gov/espanol/publicaciones/diccionarios/diccionario-genetica/def/genotipo,5995
www.cancer.gov/espanol/publicaciones/diccionarios/diccionario-cancer/def/adolescente,5992
www.cancer.gov/espanol/publicaciones/diccionarios/diccionario-cancer/def/sentidos,5991
www.cancer.gov/espanol/tipos/langerhans/paciente/tratamiento-langerhans-pdq,5984
www.cancer.gov/types/bone/patient/ewing-treatment-pdq,5983
www.cancer.gov/publications/dictionaries/cancer-terms/def/inflammation,5981
www.cancer.gov/rare-brain-spine-tumor/tumors/atrt,5974
www.cancer.gov/research/participate/clinical-trials/paying,5972
www.cancer.gov/espanol/publicaciones/diccionarios/diccionario-cancer/def/sulfato-ferroso,5972
www.cancer.gov/espanol/tipos/uretra/paciente/tratamiento-uretra-pdq,5971
www.cancer.gov/espanol/publicaciones/diccionarios/diccionario-cancer/def/vulva,5959
www.cancer.gov/espanol/publicaciones/diccionarios/diccionario-cancer/def/crema-de-estrogeno,5958
www.cancer.gov/news-events/cancer-currents-blog/2019/prostate-cancer-prevention-finasteride-parnes,5908
www.cancer.gov/espanol/publicaciones/diccionarios/diccionario-cancer/def/medicina-alternativa,5898
www.cancer.gov/espanol/publicaciones/diccionarios/diccionario-cancer/def/apoptosis,5883
www.cancer.gov/publications/dictionaries/cancer-terms/def/pack-year,5878
www.cancer.gov/pediatric-adult-rare-tumor/rare-tumors/rare-digestive-system-tumors/esophageal,5876
www.cancer.gov/about-cancer/causes-prevention/risk/substances/trichloroethylene,5871
www.cancer.gov/espanol/publicaciones/diccionarios/diccionario-cancer/def/hormona,5870
www.cancer.gov/espanol/publicaciones/diccionarios/diccionario-cancer/def/ketoprofeno,5857
www.cancer.gov/espanol/publicaciones/diccionarios/diccionario-cancer/def/genotipo-homocigoto,5853
www.cancer.gov/espanol/publicaciones/diccionarios/diccionario-cancer/def/esteroide,5846
www.cancer.gov/types/vulvar/patient/vulvar-treatment-pdq,5834
www.cancer.gov/publications/dictionaries/cancer-terms/def/pharynx,5831
www.cancer.gov/about-cancer/causes-prevention/risk/substances/vinyl-chloride,5830
www.cancer.gov/about-cancer/causes-prevention/risk/radiation/pediatric-ct-scans,5830
www.cancer.gov/types/colorectal/hp/colorectal-genetics-pdq,5828
www.cancer.gov/espanol/buscar/resultados/,5825
www.cancer.gov/espanol/publicaciones/diccionarios/diccionario-cancer/def/inmunidad-adaptativa,5820
www.cancer.gov/types/ovarian/patient/ovarian-epithelial-treatment-pdq,5820
www.cancer.gov/publications/dictionaries/cancer-terms/def/alcoholism,5814
www.cancer.gov/about-cancer/treatment/drugs/capecitabine,5806
www.cancer.gov/espanol/publicaciones/diccionarios/diccionario-cancer/def/yin-y-yang,5771
www.cancer.gov/types/prostate/patient/prostate-screening-pdq,5771
www.cancer.gov/publications/dictionaries/cancer-terms/def/hazard-ratio,5762
www.cancer.gov/espanol/tipos/seno/hoja-informativa-mamografias,5759
www.cancer.gov/espanol/publicaciones/diccionarios/diccionario-cancer/def/principio-activo,5742
www.cancer.gov/publications/dictionaries/cancer-terms/def/bladder,5740
www.cancer.gov/espanol/publicaciones/diccionarios/diccionario-cancer/def/infeccion-urinaria,5730
www.cancer.gov/publications/dictionaries/cancer-terms/def/psychoactive-substance,5714
www.cancer.gov/espanol/publicaciones/diccionarios/diccionario-cancer/def/ureter,5714
www.cancer.gov/espanol/cancer/tratamiento/tipos/inmunoterapia/efectos-secundarios,5707
www.cancer.gov/espanol/publicaciones/diccionarios/diccionario-cancer/def/medicamento,5705
www.cancer.gov/publications/dictionaries/cancer-terms/def/digestive-tract,5687
www.cancer.gov/types/pituitary/patient/pituitary-treatment-pdq,5680
www.cancer.gov/about-cancer/treatment/drugs/multiple-myeloma,5679
www.cancer.gov/types/cervical/diagnosis,5673
www.cancer.gov/espanol/cancer/tratamiento/investigacion/caquexia,5672
